{"_id":{"$oid":"5e71c468daa94a19d4adc7db"},"first_name":"Supper","last_name":"admin","email":"sudheersandu.gmat@gmail.com","password":"$2a$10$WjVKtD.DsIKyVL0DxU4vjOU1fHM2h/1DU5pc2LhMcFo8ByNvhCwsC","image":"default.png","user_level":"supper","createdAt":{"$date":{"$numberLong":"1584514152838"}},"updatedAt":{"$date":{"$numberLong":"1584515914672"}},"__v":{"$numberInt":"0"},"username":"000_0000"}
{"_id":{"$oid":"5e70e4cefc59537786b78247"},"username":"Shen1999","first_name":"Shen","last_name":"cheng","email":"bluebeauty1107@yandex.com","password":"$2a$10$Uoh6aDC/DtZIUQkOqrXByOqx11c4yZejKa8flGLrfHCCvrrhBhouK","phone_number":"+91 12312-31231","image":"default.png","user_level":"normal","createdAt":{"$date":{"$numberLong":"1584456910433"}},"updatedAt":{"$date":{"$numberLong":"1584456910433"}},"__v":{"$numberInt":"0"}}
{"_id":{"$oid":"5e71f61ffc59537786b7824c"},"username":"sushanth","first_name":"sushanth","last_name":"s","email":"devilsheart006@gmail.com","password":"$2a$10$rIQmfHtGgPQoJcD5xdViVOWXGpJpD57Z5r52nSWhCaFRlyaQouBFy","phone_number":"+91 89774-41840","image":"default.png","user_level":"normal","createdAt":{"$date":{"$numberLong":"1584526879174"}},"updatedAt":{"$date":{"$numberLong":"1584526879174"}},"__v":{"$numberInt":"0"}}
