{"_id":{"$oid":"5e71cf69daa94a19d4adc7dd"},"price":[{"old_price":"","new_price":"10000"},{"old_price":"","new_price":"12000"}],"batch_members":[{"id":"batch_3_1","file":"batch_3_1","members":[]},{"id":"batch_3_2","file":"batch_3_2","members":["5e70a2febbb61e725cdc7a23","5e723cf8d8c060547cc67c46","5e74c69eed01711b2c79a832"]},{"id":"batch_4_1","file":"batch_4_1","members":["5e70e084fc59537786b78245","5e71f3f2fc59537786b7824a","5e74c69eed01711b2c79a832","5e723cf8d8c060547cc67c46"]},{"id":"batch_4_2","file":"batch_4_2","members":[]},{"id":"batch_5_1","file":"batch_5_1","members":[]}],"course_comments":[],"title":"Competitive Programming","description":"Learn to write most efficient programmes and equip yourself to get solutions for the complex codes. Get ready for the competitions like ACM-ICPC, Google Codejam and more. Companies like Google, Microsoft, Facebook, Amazon etc hire professionals with exceptional problem solving skills. Batches start in every 15 days.","intro_video_id":"397711431","reivew_video_id":"13363779","image":"1O2EKEKXZW_0000000000002678.png","remain_days":"20","level_number":{"$numberInt":"3"},"createdAt":{"$date":{"$numberLong":"1584516969521"}},"updatedAt":{"$date":{"$numberLong":"1585057809354"}},"__v":{"$numberInt":"0"}}
{"_id":{"$oid":"5e7092c8bbb61e725cdc7a18"},"price":[{"old_price":"","new_price":"13000"},{"old_price":"","new_price":"15000"}],"batch_members":[],"course_comments":[],"title":"Data Structures in C++","description":"Data Science is all about extracting meaningful insights from gigabytes of data. This online data science certification course will revolve around the concepts of Python, Machine Learning, Data Cleaning and Data Analysis. In this course, you'll understand core concepts and the latest advancements including aspects of Supervised, Unsupervised and the very latest and riveting field of Deep Learning by work on several projects. Batches start in every 15 days.","intro_video_id":"4621443","reivew_video_id":"4621443","image":"6ADTTMTJAH_0000000000002759.png","remain_days":"20","level_number":{"$numberInt":"3"},"createdAt":{"$date":{"$numberLong":"1584435912679"}},"updatedAt":{"$date":{"$numberLong":"1585059741533"}},"__v":{"$numberInt":"0"}}
{"_id":{"$oid":"5e78c88b228f3634ed9140c5"},"price":[{"old_price":"","new_price":"1"},{"old_price":"","new_price":"2"}],"batch_members":[],"course_comments":[],"title":"couse -3","description":"its a fantastic course","intro_video_id":"397711431","reivew_video_id":"397711431","image":"EYF225BPQ8_Screenshot 2020-03-23 at 1.21.16 PM.png","remain_days":"1","level_number":{"$numberInt":"2"},"createdAt":{"$date":{"$numberLong":"1584973963649"}},"updatedAt":{"$date":{"$numberLong":"1585058772615"}},"__v":{"$numberInt":"0"}}
