{"_id":{"$oid":"5e71d4bfdaa94a19d4adc7e5"},"sample_input":["0"],"sample_output":["0"],"test_input":["0","0","0","0","0","0"],"test_output":["0","0","0","0","0","0"],"check_input":["0","0","0"],"check_output":["0","0","0"],"bookmark":[],"lecture_id":"5e71d1a3daa94a19d4adc7df","lecture_name":" Introduction To Competitive Programming","course_id":"5e71cf69daa94a19d4adc7dd","title":"Why Competitive Programming?","type":"video","url":"130868583","filename":{"python":{"main":"","solution":""},"cpp":{"main":"","solution":""},"java":{"main":"","solution":""}},"description":"","in_format":"","out_format":"","notes":"","contain":"","sample_code":{"python":"","cpp":"","java":""},"score":{"$numberInt":"0"},"createdAt":{"$date":{"$numberLong":"1584518335145"}},"updatedAt":{"$date":{"$numberLong":"1584970229641"}},"__v":{"$numberInt":"0"},"order_number":{"$numberInt":"5"}}
{"_id":{"$oid":"5e71d54edaa94a19d4adc7e6"},"sample_input":["0"],"sample_output":["0"],"test_input":["0","0","0","0","0","0"],"test_output":["0","0","0","0","0","0"],"check_input":["0","0","0"],"check_output":["0","0","0"],"bookmark":["5e70e084fc59537786b78245","5e71f3f2fc59537786b7824a"],"lecture_id":"5e71d1a3daa94a19d4adc7df","lecture_name":" Introduction To Competitive Programming","course_id":"5e71cf69daa94a19d4adc7dd","title":" How To Approach A Problem In Contest ","type":"video","url":"98804839","filename":{"python":{"main":"","solution":""},"cpp":{"main":"","solution":""},"java":{"main":"","solution":""}},"description":"","in_format":"","out_format":"","notes":"","contain":"","sample_code":{"python":"","cpp":"","java":""},"score":{"$numberInt":"0"},"createdAt":{"$date":{"$numberLong":"1584518478299"}},"updatedAt":{"$date":{"$numberLong":"1584970229631"}},"__v":{"$numberInt":"0"},"order_number":{"$numberInt":"4"}}
{"_id":{"$oid":"5e71d6eddaa94a19d4adc7e7"},"sample_input":["10 105 106 111 114 105 135 138 111 147 114"],"sample_output":["105 106 111 114 135 138 147"],"test_input":["10 105 106 111 114 105 135 138 111 147 114","0","0","0","0","0"],"test_output":["0","0","0","0","0","0"],"check_input":["0","0","0"],"check_output":["0","0","0"],"bookmark":[],"lecture_id":"5e71d1a3daa94a19d4adc7df","lecture_name":" Introduction To Competitive Programming","course_id":"5e71cf69daa94a19d4adc7dd","title":"Remove Duplicates","type":"code","url":"","filename":{"python":{"main":"","solution":""},"cpp":{"main":"","solution":""},"java":{"main":"","solution":""}},"description":"Given an integer array A which contains duplicates. Remove duplicates from the array and return a new array without any duplicates.\nThat is, it should contain only unique elements.","in_format":"First element is the size(N) of the array followed by N integers which are elements of the array separated by space","out_format":"","notes":"asdasdasdasdasdasdasd","contain":"asdasdasdasd","sample_code":{"python":"","cpp":"","java":""},"score":{"$numberInt":"40"},"createdAt":{"$date":{"$numberLong":"1584518893426"}},"updatedAt":{"$date":{"$numberLong":"1584970229633"}},"__v":{"$numberInt":"0"},"order_number":{"$numberInt":"0"}}
{"_id":{"$oid":"5e71d811daa94a19d4adc7e8"},"sample_input":[" 3 4"," 2 5"],"sample_output":["81","32"],"test_input":[" 1 2","2 1","2 2","2 3","2 4","2 5"],"test_output":["2","2","4","8","16","32"],"check_input":["2 1","2 2","2 3"],"check_output":["2","4","8"],"bookmark":[],"lecture_id":"5e71d1a3daa94a19d4adc7df","lecture_name":" Introduction To Competitive Programming","course_id":"5e71cf69daa94a19d4adc7dd","title":"Power","type":"code","url":"","filename":{"python":{"main":"","solution":"def power(x, n):\r\n    # Please add your code here\r\n    pass\r\n\r\n# Main"},"cpp":{"main":"#include<iostream>\r\n#include \"Solution.h\"\r\nusing namespace std;\r\n\r\n\r\nint main(){\r\n    int x, n;\r\n    cin >> x >> n;\r\n  \r\n    cout << power(x, n) << endl;\r\n}","solution":"int power(int x, int n) {\r\n  /* Don't write main().\r\n     Don't read input, it is passed as function argument.\r\n     Return output and don't print it.\r\n     Taking input and printing output is handled automatically.\r\n  */\r\n\r\n}"},"java":{"main":"public class Solution {\r\n\r\n\tpublic static int power(int x, int n) {\r\n\t\t/* Your class should be named Solution\r\n\t\t * Don't write main().\r\n\t\t * Don't read input, it is passed as function argument.\r\n\t\t * Return output and don't print it.\r\n\t\t * Taking input and printing output is handled automatically.\r\n\t\t */\r\n\t\t\r\n\t}\r\n}","solution":"import java.util.Scanner;\r\n\r\npublic class Runner {\r\n\r\n\tstatic Scanner s = new Scanner(System.in);\r\n\r\n\tpublic static void main(String[] args) {\r\n\t\tint x = s.nextInt();\r\n\t\tint n = s.nextInt();\r\n\t\t\r\n\t\tSystem.out.println(Solution.power(x, n));\r\n\t}\r\n}"}},"description":"Write a program to find x to the power n (i.e. x^n). Take x and n from the user. You need to return the answer.\nDo this recursively.","in_format":"Two integers x and n (separated by space)","out_format":"x^n (i.e. x raise to the power n)","notes":"","contain":"1 <= x <= 30\n0 <= n <= 30","sample_code":{"python":"def power(x, n):\r\n    # Please add your code here\r\n    pass\r\n\r\n# Main\r\nfrom sys import setrecursionlimit\r\nsetrecursionlimit(11000)\r\nx, n=list(int(i) for i in input().strip().split(' '))\r\nprint(power(x, n))","cpp":"int power(int x, int n) {\r\n  /* Don't write main().\r\n     Don't read input, it is passed as function argument.\r\n     Return output and don't print it.\r\n     Taking input and printing output is handled automatically.\r\n  */\r\n\r\n}","java":"import java.util.Scanner;\r\n\r\npublic class Runner {\r\n\r\n\tstatic Scanner s = new Scanner(System.in);\r\n\r\n\tpublic static void main(String[] args) {\r\n\t\tint x = s.nextInt();\r\n\t\tint n = s.nextInt();\r\n\t\t\r\n\t\tSystem.out.println(Solution.power(x, n));\r\n\t}\r\n}"},"score":{"$numberInt":"40"},"createdAt":{"$date":{"$numberLong":"1584519185652"}},"updatedAt":{"$date":{"$numberLong":"1585208336537"}},"__v":{"$numberInt":"0"},"order_number":{"$numberInt":"0"},"hint":"25069440"}
{"_id":{"$oid":"5e71d8fcdaa94a19d4adc7e9"},"sample_input":[" 6"],"sample_output":["1 2 3 4 5 6"],"test_input":["1","2","3","4","5","6"],"test_output":["1","1 2","1 2 3","1 2 3 4","1 2 3 4 5","1 2 3 4 5 6"],"check_input":["1","2","3"],"check_output":["1","1 2","1 2 3"],"bookmark":[],"lecture_id":"5e71d1a3daa94a19d4adc7df","lecture_name":" Introduction To Competitive Programming","course_id":"5e71cf69daa94a19d4adc7dd","title":"Print Numbers","type":"code","url":"","filename":{"python":{"main":"","solution":"## Read input as specified in the question.\r\n## Print output as specified in the question."},"cpp":{"main":"#include<iostream>\r\nusing namespace std;\r\n#include \"Solution.h\"\r\n\r\nint main(){\r\n    int n;\r\n    cin >> n;\r\n  \r\n    print(n);\r\n}","solution":"void print(int n){\r\n    if(n == 1){\r\n        cout << n << \" \";\r\n    }\r\n    cout << n << \" \";\r\n    print(n - 1);\r\n}"},"java":{"main":"import java.util.Scanner;\r\n\r\npublic class Runner {\r\n\tpublic static void main(String args[]) {\r\n\t\tScanner s = new Scanner(System.in);\r\n\t\tint n = s.nextInt();\r\n\t\tSolution.print(n);\r\n\t}\r\n\t\r\n}","solution":"public class Solution {\r\n\r\n\tpublic static void print(int n){\r\n\t\tif(n == 1){\r\n\t\t\tSystem.out.print(n + \" \");\r\n\t\t}\r\n\t\tSystem.out.print(n+\" \");\r\n\t\tprint(n - 1);\r\n\t}\r\n\r\n}"}},"description":"Given the code to print number from 1 to n in increasing order recursively. But it contains few bugs, that you need to rectify such that all the test cases should pass.","in_format":"Integer n","out_format":"Numbers from 1 to n (separated by space)","notes":"","contain":"1 <= n <= 10000","sample_code":{"python":"## Read input as specified in the question.\r\n## Print output as specified in the question.","cpp":"void print(int n){\r\n    if(n == 1){\r\n        cout << n << \" \";\r\n    }\r\n    cout << n << \" \";\r\n    print(n - 1);\r\n}","java":"public class Solution {\r\n\r\n\tpublic static void print(int n){\r\n\t\tif(n == 1){\r\n\t\t\tSystem.out.print(n + \" \");\r\n\t\t}\r\n\t\tSystem.out.print(n+\" \");\r\n\t\tprint(n - 1);\r\n\t}\r\n\r\n}"},"score":{"$numberInt":"40"},"createdAt":{"$date":{"$numberLong":"1584519420086"}},"updatedAt":{"$date":{"$numberLong":"1584970229652"}},"__v":{"$numberInt":"0"},"order_number":{"$numberInt":"7"}}
{"_id":{"$oid":"5e71d9d2daa94a19d4adc7eb"},"sample_input":["option","Compilation Error","Runtime Error","5","None of these"],"sample_output":["Compilation Error"],"test_input":["1","2","3","4","5","6"],"test_output":["1","1 2","1 2 3","1 2 3 4","1 2 3 4 5","1 2 3 4 5 6"],"check_input":["1","2","3"],"check_output":["1","1 2","1 2 3"],"bookmark":["5e71f3f2fc59537786b7824a"],"lecture_id":"5e71d1a3daa94a19d4adc7df","lecture_name":" Introduction To Competitive Programming","course_id":"5e71cf69daa94a19d4adc7dd","title":"What is the output","type":"puzzle","url":"","filename":{"python":{"main":"","solution":"## Read input as specified in the question.\r\n## Print output as specified in the question."},"cpp":{"main":"#include<iostream>\r\nusing namespace std;\r\n#include \"Solution.h\"\r\n\r\nint main(){\r\n    int n;\r\n    cin >> n;\r\n  \r\n    print(n);\r\n}","solution":"void print(int n){\r\n    if(n == 1){\r\n        cout << n << \" \";\r\n    }\r\n    cout << n << \" \";\r\n    print(n - 1);\r\n}"},"java":{"main":"import java.util.Scanner;\r\n\r\npublic class Runner {\r\n\tpublic static void main(String args[]) {\r\n\t\tScanner s = new Scanner(System.in);\r\n\t\tint n = s.nextInt();\r\n\t\tSolution.print(n);\r\n\t}\r\n\t\r\n}","solution":"public class Solution {\r\n\r\n\tpublic static void print(int n){\r\n\t\tif(n == 1){\r\n\t\t\tSystem.out.print(n + \" \");\r\n\t\t}\r\n\t\tSystem.out.print(n+\" \");\r\n\t\tprint(n - 1);\r\n\t}\r\n\r\n}"}},"description":"What will be the output of the following code ?","in_format":"Integer n","out_format":"Numbers from 1 to n (separated by space)","notes":"","contain":"#include <iostream>\nusing namespace std;\n\nint func(int num){\n    return func(num- 1);\n}\n\nint main() {\n    int num = 5;\n    int ans = func(num - 1);\n    cout << ans;\n}","sample_code":{"python":"## Read input as specified in the question.\r\n## Print output as specified in the question.","cpp":"void print(int n){\r\n    if(n == 1){\r\n        cout << n << \" \";\r\n    }\r\n    cout << n << \" \";\r\n    print(n - 1);\r\n}","java":"public class Solution {\r\n\r\n\tpublic static void print(int n){\r\n\t\tif(n == 1){\r\n\t\t\tSystem.out.print(n + \" \");\r\n\t\t}\r\n\t\tSystem.out.print(n+\" \");\r\n\t\tprint(n - 1);\r\n\t}\r\n\r\n}"},"score":{"$numberInt":"10"},"createdAt":{"$date":{"$numberLong":"1584519634804"}},"updatedAt":{"$date":{"$numberLong":"1584970229664"}},"__v":{"$numberInt":"0"},"order_number":{"$numberInt":"8"}}
{"_id":{"$oid":"5e71da62daa94a19d4adc7ec"},"sample_input":["check","int x;","int &x;","int *x;","ptr x;"],"sample_output":["int x;"],"test_input":["1","2","3","4","5","6"],"test_output":["1","1 2","1 2 3","1 2 3 4","1 2 3 4 5","1 2 3 4 5 6"],"check_input":["1","2","3"],"check_output":["1","1 2","1 2 3"],"bookmark":[],"lecture_id":"5e71d1a3daa94a19d4adc7df","lecture_name":" Introduction To Competitive Programming","course_id":"5e71cf69daa94a19d4adc7dd","title":"Pointer Declaration","type":"puzzle","url":"","filename":{"python":{"main":"","solution":"## Read input as specified in the question.\r\n## Print output as specified in the question."},"cpp":{"main":"#include<iostream>\r\nusing namespace std;\r\n#include \"Solution.h\"\r\n\r\nint main(){\r\n    int n;\r\n    cin >> n;\r\n  \r\n    print(n);\r\n}","solution":"void print(int n){\r\n    if(n == 1){\r\n        cout << n << \" \";\r\n    }\r\n    cout << n << \" \";\r\n    print(n - 1);\r\n}"},"java":{"main":"import java.util.Scanner;\r\n\r\npublic class Runner {\r\n\tpublic static void main(String args[]) {\r\n\t\tScanner s = new Scanner(System.in);\r\n\t\tint n = s.nextInt();\r\n\t\tSolution.print(n);\r\n\t}\r\n\t\r\n}","solution":"public class Solution {\r\n\r\n\tpublic static void print(int n){\r\n\t\tif(n == 1){\r\n\t\t\tSystem.out.print(n + \" \");\r\n\t\t}\r\n\t\tSystem.out.print(n+\" \");\r\n\t\tprint(n - 1);\r\n\t}\r\n\r\n}"}},"description":"Which of the following is the proper declaration of a pointer?","in_format":"Integer n","out_format":"Numbers from 1 to n (separated by space)","notes":"","contain":"","sample_code":{"python":"## Read input as specified in the question.\r\n## Print output as specified in the question.","cpp":"void print(int n){\r\n    if(n == 1){\r\n        cout << n << \" \";\r\n    }\r\n    cout << n << \" \";\r\n    print(n - 1);\r\n}","java":"public class Solution {\r\n\r\n\tpublic static void print(int n){\r\n\t\tif(n == 1){\r\n\t\t\tSystem.out.print(n + \" \");\r\n\t\t}\r\n\t\tSystem.out.print(n+\" \");\r\n\t\tprint(n - 1);\r\n\t}\r\n\r\n}"},"score":{"$numberInt":"10"},"createdAt":{"$date":{"$numberLong":"1584519778148"}},"updatedAt":{"$date":{"$numberLong":"1584970229647"}},"__v":{"$numberInt":"0"},"order_number":{"$numberInt":"9"}}
{"_id":{"$oid":"5e71dab5daa94a19d4adc7ed"},"sample_input":["textfield"],"sample_output":["100"],"test_input":["1","2","3","4","5","6"],"test_output":["1","1 2","1 2 3","1 2 3 4","1 2 3 4 5","1 2 3 4 5 6"],"check_input":["1","2","3"],"check_output":["1","1 2","1 2 3"],"bookmark":[],"lecture_id":"5e71d1a3daa94a19d4adc7df","lecture_name":" Introduction To Competitive Programming","course_id":"5e71cf69daa94a19d4adc7dd","title":"Fill the output","type":"puzzle","url":"","filename":{"python":{"main":"","solution":"## Read input as specified in the question.\r\n## Print output as specified in the question."},"cpp":{"main":"#include<iostream>\r\nusing namespace std;\r\n#include \"Solution.h\"\r\n\r\nint main(){\r\n    int n;\r\n    cin >> n;\r\n  \r\n    print(n);\r\n}","solution":"void print(int n){\r\n    if(n == 1){\r\n        cout << n << \" \";\r\n    }\r\n    cout << n << \" \";\r\n    print(n - 1);\r\n}"},"java":{"main":"import java.util.Scanner;\r\n\r\npublic class Runner {\r\n\tpublic static void main(String args[]) {\r\n\t\tScanner s = new Scanner(System.in);\r\n\t\tint n = s.nextInt();\r\n\t\tSolution.print(n);\r\n\t}\r\n\t\r\n}","solution":"public class Solution {\r\n\r\n\tpublic static void print(int n){\r\n\t\tif(n == 1){\r\n\t\t\tSystem.out.print(n + \" \");\r\n\t\t}\r\n\t\tSystem.out.print(n+\" \");\r\n\t\tprint(n - 1);\r\n\t}\r\n\r\n}"}},"description":"Assume memory address of variable ‘a’ is : 400 (and an integer takes 4 bytes), what will be the output -","in_format":"Integer n","out_format":"Numbers from 1 to n (separated by space)","notes":"","contain":"int a = 7;\nint *c = &a;\nc = c + 3;\ncout  << c << endl;","sample_code":{"python":"## Read input as specified in the question.\r\n## Print output as specified in the question.","cpp":"void print(int n){\r\n    if(n == 1){\r\n        cout << n << \" \";\r\n    }\r\n    cout << n << \" \";\r\n    print(n - 1);\r\n}","java":"public class Solution {\r\n\r\n\tpublic static void print(int n){\r\n\t\tif(n == 1){\r\n\t\t\tSystem.out.print(n + \" \");\r\n\t\t}\r\n\t\tSystem.out.print(n+\" \");\r\n\t\tprint(n - 1);\r\n\t}\r\n\r\n}"},"score":{"$numberInt":"10"},"createdAt":{"$date":{"$numberLong":"1584519861719"}},"updatedAt":{"$date":{"$numberLong":"1584970229672"}},"__v":{"$numberInt":"0"},"order_number":{"$numberInt":"10"}}
{"_id":{"$oid":"5e709869bbb61e725cdc7a1b"},"sample_input":["0"],"sample_output":["0"],"test_input":["0","0","0","0","0","0"],"test_output":["0","0","0","0","0","0"],"check_input":["0","0","0"],"check_output":["0","0","0"],"bookmark":[],"lecture_id":"5e709321bbb61e725cdc7a19","lecture_name":"Lecture 1 : Pointers","course_id":"5e7092c8bbb61e725cdc7a18","title":"Recursion and Arrays","type":"video","url":"41843234","filename":{"python":{"main":"","solution":""},"cpp":{"main":"","solution":""},"java":{"main":"","solution":""}},"description":"","in_format":"","out_format":"","notes":"","contain":"","sample_code":{"python":"","cpp":"","java":""},"score":{"$numberInt":"0"},"createdAt":{"$date":{"$numberLong":"1584437353386"}},"updatedAt":{"$date":{"$numberLong":"1584437353386"}},"__v":{"$numberInt":"0"}}
{"_id":{"$oid":"5e7098a3bbb61e725cdc7a1c"},"sample_input":["0"],"sample_output":["0"],"test_input":["0","0","0","0","0","0"],"test_output":["0","0","0","0","0","0"],"check_input":["0","0","0"],"check_output":["0","0","0"],"bookmark":[],"lecture_id":"5e709321bbb61e725cdc7a19","lecture_name":"Lecture 1 : Pointers","course_id":"5e7092c8bbb61e725cdc7a18","title":"Hint : First index","type":"video","url":"25069440","filename":{"python":{"main":"","solution":""},"cpp":{"main":"","solution":""},"java":{"main":"","solution":""}},"description":"","in_format":"","out_format":"","notes":"","contain":"","sample_code":{"python":"","cpp":"","java":""},"score":{"$numberInt":"0"},"createdAt":{"$date":{"$numberLong":"1584437411274"}},"updatedAt":{"$date":{"$numberLong":"1584437411274"}},"__v":{"$numberInt":"0"}}
{"_id":{"$oid":"5e709979bbb61e725cdc7a1d"},"sample_input":["3\n9 8 9"],"sample_output":["26"],"test_input":["3\n9 8 9","3\n9 8 9","3\n9 8 9","3\n9 8 9","3\n9 8 9","3\n9 8 9"],"test_output":["26","26","26","26","26","26"],"check_input":["3\n9 8 9","3\n9 8 9","3\n9 8 9"],"check_output":["26","26","26"],"bookmark":[],"lecture_id":"5e709321bbb61e725cdc7a19","lecture_name":"Lecture 1 : Pointers","course_id":"5e7092c8bbb61e725cdc7a18","title":"Sum of Array","type":"code","url":"","filename":{"python":{"main":"","solution":"def sumArray(arr):\r\n    # Please add your code here\r\n    pass\r\n\r\n# Main\r\nfrom sys import setrecursionlimit\r\nsetrecursionlimit(11000)\r\nn=int(input())\r\narr=list(int(i) for i in input().strip().split(' '))\r\nprint(sumArray(arr))"},"cpp":{"main":"#include<iostream>\r\n#include \"Solution.h\"\r\nusing namespace std;\r\n\r\n\r\nint main(){\r\n    int n;\r\n    cin >> n;\r\n  \r\n    int *input = new int[n];\r\n    \r\n    for(int i = 0; i < n; i++) {\r\n        cin >> input[i];\r\n    }\r\n    \r\n    cout << sum(input, n) << endl;\r\n}","solution":"int sum(int input[], int n) {\r\n  /* Don't write main().\r\n     Don't read input, it is passed as function argument.\r\n     Return output and don't print it.\r\n     Taking input and printing output is handled automatically.\r\n  */\r\n\r\n}"},"java":{"main":"import java.util.Scanner;\r\n\r\npublic class Runner {\r\n\r\n\tstatic Scanner s = new Scanner(System.in);\r\n\r\n\tpublic static void main(String[] args) {\r\n\t\tint n = s.nextInt();\r\n\t\tint input[] = new int[n];\r\n\t\tfor(int i = 0; i < n; i++) {\r\n\t\t\tinput[i] = s.nextInt();\r\n\t\t}\r\n\t\tSystem.out.println(Solution.sum(input));\r\n\t}\r\n}","solution":"import java.util.Scanner;\r\n\r\npublic class Runner {\r\n\r\n\tstatic Scanner s = new Scanner(System.in);\r\n\r\n\tpublic static void main(String[] args) {\r\n\t\tint n = s.nextInt();\r\n\t\tint input[] = new int[n];\r\n\t\tfor(int i = 0; i < n; i++) {\r\n\t\t\tinput[i] = s.nextInt();\r\n\t\t}\r\n\t\tSystem.out.println(Solution.sum(input));\r\n\t}\r\n}"}},"description":"Given an array of length N, you need to find and return the sum of all elements of the array.\n\nDo this recursively.","in_format":"Line 1 : An Integer N i.e. size of array\nLine 2 : N integers which are elements of the array, separated by spaces","out_format":"Sum","notes":"","contain":"1 <= N <= 10^3","sample_code":{"python":"def sumArray(arr):\r\n    # Please add your code here\r\n    pass\r\n\r\n# Main\r\nfrom sys import setrecursionlimit\r\nsetrecursionlimit(11000)\r\nn=int(input())\r\narr=list(int(i) for i in input().strip().split(' '))\r\nprint(sumArray(arr))","cpp":"int sum(int input[], int n) {\r\n  /* Don't write main().\r\n     Don't read input, it is passed as function argument.\r\n     Return output and don't print it.\r\n     Taking input and printing output is handled automatically.\r\n  */\r\n\r\n}","java":"import java.util.Scanner;\r\n\r\npublic class Runner {\r\n\r\n\tstatic Scanner s = new Scanner(System.in);\r\n\r\n\tpublic static void main(String[] args) {\r\n\t\tint n = s.nextInt();\r\n\t\tint input[] = new int[n];\r\n\t\tfor(int i = 0; i < n; i++) {\r\n\t\t\tinput[i] = s.nextInt();\r\n\t\t}\r\n\t\tSystem.out.println(Solution.sum(input));\r\n\t}\r\n}"},"score":{"$numberInt":"40"},"createdAt":{"$date":{"$numberLong":"1584437625309"}},"updatedAt":{"$date":{"$numberLong":"1584437625309"}},"__v":{"$numberInt":"0"}}
{"_id":{"$oid":"5e709a19bbb61e725cdc7a1e"},"sample_input":["3\n9 8 10\n8"],"sample_output":["true"],"test_input":["3\n9 8 10\n8","3\n9 8 10\n8","3\n9 8 10\n8","3\n9 8 10\n8","3\n9 8 10\n8","3\n9 8 10\n8"],"test_output":["true","true","true","true","true","true"],"check_input":["3\n9 8 10\n8","3\n9 8 10\n8","3\n9 8 10\n8"],"check_output":["true","true","true"],"bookmark":[],"lecture_id":"5e709321bbb61e725cdc7a19","lecture_name":"Lecture 1 : Pointers","course_id":"5e7092c8bbb61e725cdc7a18","title":"Check Number","type":"code","url":"","filename":{"python":{"main":"","solution":"def checkNumber(arr, x):\r\n    # Please add your code here\r\n    pass\r\n\r\n# Main\r\nfrom sys import setrecursionlimit\r\nsetrecursionlimit(11000)\r\nn=int(input())\r\narr=list(int(i) for i in input().strip().split(' '))\r\nx=int(input())\r\nif checkNumber(arr, x):\r\n    print('true')\r\nelse:\r\n    print('false')\r\n"},"cpp":{"main":"#include<iostream>\r\n#include \"Solution.h\"\r\nusing namespace std;\r\n\r\n\r\nint main(){\r\n    int n;\r\n    cin >> n;\r\n  \r\n    int *input = new int[n];\r\n    \r\n    for(int i = 0; i < n; i++) {\r\n        cin >> input[i];\r\n    }\r\n    \r\n    int x;\r\n    \r\n    cin >> x;\r\n    \r\n    if(checkNumber(input, n, x)) {\r\n        cout << \"true\" << endl;\r\n    }\r\n    else {\r\n        cout << \"false\" << endl;\r\n    }\r\n}","solution":"bool checkNumber(int input[], int size, int x) {\r\n  /* Don't write main().\r\n     Don't read input, it is passed as function argument.\r\n     Return output and don't print it.\r\n     Taking input and printing output is handled automatically.\r\n  */\r\n\r\n}\r\n"},"java":{"main":"import java.util.Scanner;\r\n\r\npublic class Runner {\r\n\r\n\tstatic Scanner s = new Scanner(System.in);\r\n\r\n\tpublic static void main(String[] args) {\r\n\t\tint n = s.nextInt();\r\n\t\tint input[] = new int[n];\r\n\t\tfor(int i = 0; i < n; i++) {\r\n\t\t\tinput[i] = s.nextInt();\r\n\t\t}\r\n\t\tint x = s.nextInt();\r\n\t\tSystem.out.println(Solution.checkNumber(input, x));\r\n\t}\r\n}\r\n","solution":"public class Solution {\r\n\t\r\n\tpublic static boolean checkNumber(int input[], int x) {\r\n\t\t/* Your class should be named Solution\r\n\t\t * Don't write main().\r\n\t\t * Don't read input, it is passed as function argument.\r\n\t\t * Return output and don't print it.\r\n\t \t * Taking input and printing output is handled automatically.\r\n\t\t*/\r\n\t\t\r\n\t}\r\n}"}},"description":"Given an array of length N and an integer x, you need to find if x is present in the array or not. Return true or false.\n\nDo this recursively.","in_format":"Line 1 : An Integer N i.e. size of array\nLine 2 : N integers which are elements of the array, separated by spaces\nLine 3 : Integer x","out_format":"true or false","notes":"","contain":"1 <= N <= 10^3","sample_code":{"python":"def checkNumber(arr, x):\r\n    # Please add your code here\r\n    pass\r\n\r\n# Main\r\nfrom sys import setrecursionlimit\r\nsetrecursionlimit(11000)\r\nn=int(input())\r\narr=list(int(i) for i in input().strip().split(' '))\r\nx=int(input())\r\nif checkNumber(arr, x):\r\n    print('true')\r\nelse:\r\n    print('false')\r\n","cpp":"bool checkNumber(int input[], int size, int x) {\r\n  /* Don't write main().\r\n     Don't read input, it is passed as function argument.\r\n     Return output and don't print it.\r\n     Taking input and printing output is handled automatically.\r\n  */\r\n\r\n}\r\n","java":"public class Solution {\r\n\t\r\n\tpublic static boolean checkNumber(int input[], int x) {\r\n\t\t/* Your class should be named Solution\r\n\t\t * Don't write main().\r\n\t\t * Don't read input, it is passed as function argument.\r\n\t\t * Return output and don't print it.\r\n\t \t * Taking input and printing output is handled automatically.\r\n\t\t*/\r\n\t\t\r\n\t}\r\n}"},"score":{"$numberInt":"40"},"createdAt":{"$date":{"$numberLong":"1584437785251"}},"updatedAt":{"$date":{"$numberLong":"1584437785251"}},"__v":{"$numberInt":"0"}}
{"_id":{"$oid":"5e709a9ebbb61e725cdc7a1f"},"sample_input":["option","Runtime error","5 4 3 2 1","5 3 1","None of these"],"sample_output":["Runtime error"],"test_input":["3\n9 8 10\n8","3\n9 8 10\n8","3\n9 8 10\n8","3\n9 8 10\n8","3\n9 8 10\n8","3\n9 8 10\n8"],"test_output":["true","true","true","true","true","true"],"check_input":["3\n9 8 10\n8","3\n9 8 10\n8","3\n9 8 10\n8"],"check_output":["true","true","true"],"bookmark":[],"lecture_id":"5e709321bbb61e725cdc7a19","lecture_name":"Lecture 1 : Pointers","course_id":"5e7092c8bbb61e725cdc7a18","title":"What is the output","type":"puzzle","url":"","filename":{"python":{"main":"","solution":"def checkNumber(arr, x):\r\n    # Please add your code here\r\n    pass\r\n\r\n# Main\r\nfrom sys import setrecursionlimit\r\nsetrecursionlimit(11000)\r\nn=int(input())\r\narr=list(int(i) for i in input().strip().split(' '))\r\nx=int(input())\r\nif checkNumber(arr, x):\r\n    print('true')\r\nelse:\r\n    print('false')\r\n"},"cpp":{"main":"#include<iostream>\r\n#include \"Solution.h\"\r\nusing namespace std;\r\n\r\n\r\nint main(){\r\n    int n;\r\n    cin >> n;\r\n  \r\n    int *input = new int[n];\r\n    \r\n    for(int i = 0; i < n; i++) {\r\n        cin >> input[i];\r\n    }\r\n    \r\n    int x;\r\n    \r\n    cin >> x;\r\n    \r\n    if(checkNumber(input, n, x)) {\r\n        cout << \"true\" << endl;\r\n    }\r\n    else {\r\n        cout << \"false\" << endl;\r\n    }\r\n}","solution":"bool checkNumber(int input[], int size, int x) {\r\n  /* Don't write main().\r\n     Don't read input, it is passed as function argument.\r\n     Return output and don't print it.\r\n     Taking input and printing output is handled automatically.\r\n  */\r\n\r\n}\r\n"},"java":{"main":"import java.util.Scanner;\r\n\r\npublic class Runner {\r\n\r\n\tstatic Scanner s = new Scanner(System.in);\r\n\r\n\tpublic static void main(String[] args) {\r\n\t\tint n = s.nextInt();\r\n\t\tint input[] = new int[n];\r\n\t\tfor(int i = 0; i < n; i++) {\r\n\t\t\tinput[i] = s.nextInt();\r\n\t\t}\r\n\t\tint x = s.nextInt();\r\n\t\tSystem.out.println(Solution.checkNumber(input, x));\r\n\t}\r\n}\r\n","solution":"public class Solution {\r\n\t\r\n\tpublic static boolean checkNumber(int input[], int x) {\r\n\t\t/* Your class should be named Solution\r\n\t\t * Don't write main().\r\n\t\t * Don't read input, it is passed as function argument.\r\n\t\t * Return output and don't print it.\r\n\t \t * Taking input and printing output is handled automatically.\r\n\t\t*/\r\n\t\t\r\n\t}\r\n}"}},"description":"What will be the output ?What will be the output ?","in_format":"Line 1 : An Integer N i.e. size of array\nLine 2 : N integers which are elements of the array, separated by spaces\nLine 3 : Integer x","out_format":"true or false","notes":"","contain":"#include <iostream>\nusing namespace std;\n\nvoid print(int n){\n    if(n < 0){\n        return;\n    }\n    cout << n << \" \";\n    print(n - 2);\n}\n\nint main() {\n    int num = 5;\n    print(num);\n}","sample_code":{"python":"def checkNumber(arr, x):\r\n    # Please add your code here\r\n    pass\r\n\r\n# Main\r\nfrom sys import setrecursionlimit\r\nsetrecursionlimit(11000)\r\nn=int(input())\r\narr=list(int(i) for i in input().strip().split(' '))\r\nx=int(input())\r\nif checkNumber(arr, x):\r\n    print('true')\r\nelse:\r\n    print('false')\r\n","cpp":"bool checkNumber(int input[], int size, int x) {\r\n  /* Don't write main().\r\n     Don't read input, it is passed as function argument.\r\n     Return output and don't print it.\r\n     Taking input and printing output is handled automatically.\r\n  */\r\n\r\n}\r\n","java":"public class Solution {\r\n\t\r\n\tpublic static boolean checkNumber(int input[], int x) {\r\n\t\t/* Your class should be named Solution\r\n\t\t * Don't write main().\r\n\t\t * Don't read input, it is passed as function argument.\r\n\t\t * Return output and don't print it.\r\n\t \t * Taking input and printing output is handled automatically.\r\n\t\t*/\r\n\t\t\r\n\t}\r\n}"},"score":{"$numberInt":"10"},"createdAt":{"$date":{"$numberLong":"1584437918944"}},"updatedAt":{"$date":{"$numberLong":"1584437918944"}},"__v":{"$numberInt":"0"}}
{"_id":{"$oid":"5e709aeabbb61e725cdc7a20"},"sample_input":["check","100","10","Error","None of these"],"sample_output":["100"],"test_input":["3\n9 8 10\n8","3\n9 8 10\n8","3\n9 8 10\n8","3\n9 8 10\n8","3\n9 8 10\n8","3\n9 8 10\n8"],"test_output":["true","true","true","true","true","true"],"check_input":["3\n9 8 10\n8","3\n9 8 10\n8","3\n9 8 10\n8"],"check_output":["true","true","true"],"bookmark":[],"lecture_id":"5e709321bbb61e725cdc7a19","lecture_name":"Lecture 1 : Pointers","course_id":"5e7092c8bbb61e725cdc7a18","title":"Pointers Output","type":"puzzle","url":"","filename":{"python":{"main":"","solution":"def checkNumber(arr, x):\r\n    # Please add your code here\r\n    pass\r\n\r\n# Main\r\nfrom sys import setrecursionlimit\r\nsetrecursionlimit(11000)\r\nn=int(input())\r\narr=list(int(i) for i in input().strip().split(' '))\r\nx=int(input())\r\nif checkNumber(arr, x):\r\n    print('true')\r\nelse:\r\n    print('false')\r\n"},"cpp":{"main":"#include<iostream>\r\n#include \"Solution.h\"\r\nusing namespace std;\r\n\r\n\r\nint main(){\r\n    int n;\r\n    cin >> n;\r\n  \r\n    int *input = new int[n];\r\n    \r\n    for(int i = 0; i < n; i++) {\r\n        cin >> input[i];\r\n    }\r\n    \r\n    int x;\r\n    \r\n    cin >> x;\r\n    \r\n    if(checkNumber(input, n, x)) {\r\n        cout << \"true\" << endl;\r\n    }\r\n    else {\r\n        cout << \"false\" << endl;\r\n    }\r\n}","solution":"bool checkNumber(int input[], int size, int x) {\r\n  /* Don't write main().\r\n     Don't read input, it is passed as function argument.\r\n     Return output and don't print it.\r\n     Taking input and printing output is handled automatically.\r\n  */\r\n\r\n}\r\n"},"java":{"main":"import java.util.Scanner;\r\n\r\npublic class Runner {\r\n\r\n\tstatic Scanner s = new Scanner(System.in);\r\n\r\n\tpublic static void main(String[] args) {\r\n\t\tint n = s.nextInt();\r\n\t\tint input[] = new int[n];\r\n\t\tfor(int i = 0; i < n; i++) {\r\n\t\t\tinput[i] = s.nextInt();\r\n\t\t}\r\n\t\tint x = s.nextInt();\r\n\t\tSystem.out.println(Solution.checkNumber(input, x));\r\n\t}\r\n}\r\n","solution":"public class Solution {\r\n\t\r\n\tpublic static boolean checkNumber(int input[], int x) {\r\n\t\t/* Your class should be named Solution\r\n\t\t * Don't write main().\r\n\t\t * Don't read input, it is passed as function argument.\r\n\t\t * Return output and don't print it.\r\n\t \t * Taking input and printing output is handled automatically.\r\n\t\t*/\r\n\t\t\r\n\t}\r\n}"}},"description":"What will be the output ?What will be the output ?","in_format":"Line 1 : An Integer N i.e. size of array\nLine 2 : N integers which are elements of the array, separated by spaces\nLine 3 : Integer x","out_format":"true or false","notes":"","contain":"void square(int *p){\n int a = 10;\n p = &a;\n *p = (*p) * (*p);\n}\n\nint main(){\n int a = 10;\n square(&a);\n cout << a << endl;\n}","sample_code":{"python":"def checkNumber(arr, x):\r\n    # Please add your code here\r\n    pass\r\n\r\n# Main\r\nfrom sys import setrecursionlimit\r\nsetrecursionlimit(11000)\r\nn=int(input())\r\narr=list(int(i) for i in input().strip().split(' '))\r\nx=int(input())\r\nif checkNumber(arr, x):\r\n    print('true')\r\nelse:\r\n    print('false')\r\n","cpp":"bool checkNumber(int input[], int size, int x) {\r\n  /* Don't write main().\r\n     Don't read input, it is passed as function argument.\r\n     Return output and don't print it.\r\n     Taking input and printing output is handled automatically.\r\n  */\r\n\r\n}\r\n","java":"public class Solution {\r\n\t\r\n\tpublic static boolean checkNumber(int input[], int x) {\r\n\t\t/* Your class should be named Solution\r\n\t\t * Don't write main().\r\n\t\t * Don't read input, it is passed as function argument.\r\n\t\t * Return output and don't print it.\r\n\t \t * Taking input and printing output is handled automatically.\r\n\t\t*/\r\n\t\t\r\n\t}\r\n}"},"score":{"$numberInt":"10"},"createdAt":{"$date":{"$numberLong":"1584437994536"}},"updatedAt":{"$date":{"$numberLong":"1584438088591"}},"__v":{"$numberInt":"0"},"order_number":{"$numberInt":"1"}}
{"_id":{"$oid":"5e709b0fbbb61e725cdc7a21"},"sample_input":["check","100","10","Error","None of these"],"sample_output":["100"],"test_input":["3\n9 8 10\n8","3\n9 8 10\n8","3\n9 8 10\n8","3\n9 8 10\n8","3\n9 8 10\n8","3\n9 8 10\n8"],"test_output":["true","true","true","true","true","true"],"check_input":["3\n9 8 10\n8","3\n9 8 10\n8","3\n9 8 10\n8"],"check_output":["true","true","true"],"bookmark":[],"lecture_id":"5e709321bbb61e725cdc7a19","lecture_name":"Lecture 1 : Pointers","course_id":"5e7092c8bbb61e725cdc7a18","title":"Fill the output","type":"puzzle","url":"","filename":{"python":{"main":"","solution":"def checkNumber(arr, x):\r\n    # Please add your code here\r\n    pass\r\n\r\n# Main\r\nfrom sys import setrecursionlimit\r\nsetrecursionlimit(11000)\r\nn=int(input())\r\narr=list(int(i) for i in input().strip().split(' '))\r\nx=int(input())\r\nif checkNumber(arr, x):\r\n    print('true')\r\nelse:\r\n    print('false')\r\n"},"cpp":{"main":"#include<iostream>\r\n#include \"Solution.h\"\r\nusing namespace std;\r\n\r\n\r\nint main(){\r\n    int n;\r\n    cin >> n;\r\n  \r\n    int *input = new int[n];\r\n    \r\n    for(int i = 0; i < n; i++) {\r\n        cin >> input[i];\r\n    }\r\n    \r\n    int x;\r\n    \r\n    cin >> x;\r\n    \r\n    if(checkNumber(input, n, x)) {\r\n        cout << \"true\" << endl;\r\n    }\r\n    else {\r\n        cout << \"false\" << endl;\r\n    }\r\n}","solution":"bool checkNumber(int input[], int size, int x) {\r\n  /* Don't write main().\r\n     Don't read input, it is passed as function argument.\r\n     Return output and don't print it.\r\n     Taking input and printing output is handled automatically.\r\n  */\r\n\r\n}\r\n"},"java":{"main":"import java.util.Scanner;\r\n\r\npublic class Runner {\r\n\r\n\tstatic Scanner s = new Scanner(System.in);\r\n\r\n\tpublic static void main(String[] args) {\r\n\t\tint n = s.nextInt();\r\n\t\tint input[] = new int[n];\r\n\t\tfor(int i = 0; i < n; i++) {\r\n\t\t\tinput[i] = s.nextInt();\r\n\t\t}\r\n\t\tint x = s.nextInt();\r\n\t\tSystem.out.println(Solution.checkNumber(input, x));\r\n\t}\r\n}\r\n","solution":"public class Solution {\r\n\t\r\n\tpublic static boolean checkNumber(int input[], int x) {\r\n\t\t/* Your class should be named Solution\r\n\t\t * Don't write main().\r\n\t\t * Don't read input, it is passed as function argument.\r\n\t\t * Return output and don't print it.\r\n\t \t * Taking input and printing output is handled automatically.\r\n\t\t*/\r\n\t\t\r\n\t}\r\n}"}},"description":"Fill the output Fill the output?\n","in_format":"Line 1 : An Integer N i.e. size of array\nLine 2 : N integers which are elements of the array, separated by spaces\nLine 3 : Integer x","out_format":"true or false","notes":"","contain":"void fun(int a[]) {\n    cout << a[0] << \" \";\n}\n\nint main() {\n    int a[] = {1, 2, 3, 4};\n    fun(a + 1);\n    cout << a[0];\n}","sample_code":{"python":"def checkNumber(arr, x):\r\n    # Please add your code here\r\n    pass\r\n\r\n# Main\r\nfrom sys import setrecursionlimit\r\nsetrecursionlimit(11000)\r\nn=int(input())\r\narr=list(int(i) for i in input().strip().split(' '))\r\nx=int(input())\r\nif checkNumber(arr, x):\r\n    print('true')\r\nelse:\r\n    print('false')\r\n","cpp":"bool checkNumber(int input[], int size, int x) {\r\n  /* Don't write main().\r\n     Don't read input, it is passed as function argument.\r\n     Return output and don't print it.\r\n     Taking input and printing output is handled automatically.\r\n  */\r\n\r\n}\r\n","java":"public class Solution {\r\n\t\r\n\tpublic static boolean checkNumber(int input[], int x) {\r\n\t\t/* Your class should be named Solution\r\n\t\t * Don't write main().\r\n\t\t * Don't read input, it is passed as function argument.\r\n\t\t * Return output and don't print it.\r\n\t \t * Taking input and printing output is handled automatically.\r\n\t\t*/\r\n\t\t\r\n\t}\r\n}"},"score":{"$numberInt":"10"},"createdAt":{"$date":{"$numberLong":"1584438031613"}},"updatedAt":{"$date":{"$numberLong":"1584438106587"}},"__v":{"$numberInt":"0"},"order_number":{"$numberInt":"1"}}
{"_id":{"$oid":"5e709b28bbb61e725cdc7a22"},"sample_input":["textfield"],"sample_output":["100"],"test_input":["3\n9 8 10\n8","3\n9 8 10\n8","3\n9 8 10\n8","3\n9 8 10\n8","3\n9 8 10\n8","3\n9 8 10\n8"],"test_output":["true","true","true","true","true","true"],"check_input":["3\n9 8 10\n8","3\n9 8 10\n8","3\n9 8 10\n8"],"check_output":["true","true","true"],"bookmark":[],"lecture_id":"5e709321bbb61e725cdc7a19","lecture_name":"Lecture 1 : Pointers","course_id":"5e7092c8bbb61e725cdc7a18","title":"Fill the output","type":"puzzle","url":"","filename":{"python":{"main":"","solution":"def checkNumber(arr, x):\r\n    # Please add your code here\r\n    pass\r\n\r\n# Main\r\nfrom sys import setrecursionlimit\r\nsetrecursionlimit(11000)\r\nn=int(input())\r\narr=list(int(i) for i in input().strip().split(' '))\r\nx=int(input())\r\nif checkNumber(arr, x):\r\n    print('true')\r\nelse:\r\n    print('false')\r\n"},"cpp":{"main":"#include<iostream>\r\n#include \"Solution.h\"\r\nusing namespace std;\r\n\r\n\r\nint main(){\r\n    int n;\r\n    cin >> n;\r\n  \r\n    int *input = new int[n];\r\n    \r\n    for(int i = 0; i < n; i++) {\r\n        cin >> input[i];\r\n    }\r\n    \r\n    int x;\r\n    \r\n    cin >> x;\r\n    \r\n    if(checkNumber(input, n, x)) {\r\n        cout << \"true\" << endl;\r\n    }\r\n    else {\r\n        cout << \"false\" << endl;\r\n    }\r\n}","solution":"bool checkNumber(int input[], int size, int x) {\r\n  /* Don't write main().\r\n     Don't read input, it is passed as function argument.\r\n     Return output and don't print it.\r\n     Taking input and printing output is handled automatically.\r\n  */\r\n\r\n}\r\n"},"java":{"main":"import java.util.Scanner;\r\n\r\npublic class Runner {\r\n\r\n\tstatic Scanner s = new Scanner(System.in);\r\n\r\n\tpublic static void main(String[] args) {\r\n\t\tint n = s.nextInt();\r\n\t\tint input[] = new int[n];\r\n\t\tfor(int i = 0; i < n; i++) {\r\n\t\t\tinput[i] = s.nextInt();\r\n\t\t}\r\n\t\tint x = s.nextInt();\r\n\t\tSystem.out.println(Solution.checkNumber(input, x));\r\n\t}\r\n}\r\n","solution":"public class Solution {\r\n\t\r\n\tpublic static boolean checkNumber(int input[], int x) {\r\n\t\t/* Your class should be named Solution\r\n\t\t * Don't write main().\r\n\t\t * Don't read input, it is passed as function argument.\r\n\t\t * Return output and don't print it.\r\n\t \t * Taking input and printing output is handled automatically.\r\n\t\t*/\r\n\t\t\r\n\t}\r\n}"}},"description":"Fill the output\nFill the output\n","in_format":"Line 1 : An Integer N i.e. size of array\nLine 2 : N integers which are elements of the array, separated by spaces\nLine 3 : Integer x","out_format":"true or false","notes":"","contain":"void fun(int a[]) {\n    cout << a[0] << \" \";\n}\n\nint main() {\n    int a[] = {1, 2, 3, 4};\n    fun(a + 1);\n    cout << a[0];\n}","sample_code":{"python":"def checkNumber(arr, x):\r\n    # Please add your code here\r\n    pass\r\n\r\n# Main\r\nfrom sys import setrecursionlimit\r\nsetrecursionlimit(11000)\r\nn=int(input())\r\narr=list(int(i) for i in input().strip().split(' '))\r\nx=int(input())\r\nif checkNumber(arr, x):\r\n    print('true')\r\nelse:\r\n    print('false')\r\n","cpp":"bool checkNumber(int input[], int size, int x) {\r\n  /* Don't write main().\r\n     Don't read input, it is passed as function argument.\r\n     Return output and don't print it.\r\n     Taking input and printing output is handled automatically.\r\n  */\r\n\r\n}\r\n","java":"public class Solution {\r\n\t\r\n\tpublic static boolean checkNumber(int input[], int x) {\r\n\t\t/* Your class should be named Solution\r\n\t\t * Don't write main().\r\n\t\t * Don't read input, it is passed as function argument.\r\n\t\t * Return output and don't print it.\r\n\t \t * Taking input and printing output is handled automatically.\r\n\t\t*/\r\n\t\t\r\n\t}\r\n}"},"score":{"$numberInt":"10"},"createdAt":{"$date":{"$numberLong":"1584438056647"}},"updatedAt":{"$date":{"$numberLong":"1584438056647"}},"__v":{"$numberInt":"0"}}
{"_id":{"$oid":"5e73392efc59537786b78255"},"sample_input":["0"],"sample_output":["0"],"test_input":["0","0","0","0","0","0"],"test_output":["0","0","0","0","0","0"],"check_input":["0","0","0"],"check_output":["0","0","0"],"bookmark":[],"lecture_id":"5e71d1a3daa94a19d4adc7df","lecture_name":" Introduction To Competitive Programming","course_id":"5e71cf69daa94a19d4adc7dd","title":"Notes: Recursion","type":"notes","url":"","filename":"V869FOLZ1J_PRESS RELEASE - National Security Council.pdf.pdf.pdf","description":"","in_format":"","out_format":"","notes":"","contain":"","sample_code":{"python":"","cpp":"","java":""},"score":{"$numberInt":"0"},"createdAt":{"$date":{"$numberLong":"1584609582919"}},"updatedAt":{"$date":{"$numberLong":"1584970229638"}},"__v":{"$numberInt":"0"},"order_number":{"$numberInt":"1"}}
{"_id":{"$oid":"5e75de161e91e61840f57992"},"sample_input":["0"],"sample_output":["0"],"test_input":["0","0","0","0","0","0"],"test_output":["0","0","0","0","0","0"],"check_input":["0","0","0"],"check_output":["0","0","0"],"bookmark":[],"lecture_id":"5e71d1a3daa94a19d4adc7df","lecture_name":" Introduction To Competitive Programming","course_id":"5e71cf69daa94a19d4adc7dd","title":"Notes: Recursion","type":"notes","url":"","filename":"ZHLCN89NY1_0000000000000038.pdf","description":"","in_format":"","out_format":"","notes":"","contain":"","sample_code":{"python":"","cpp":"","java":""},"score":{"$numberInt":"0"},"createdAt":{"$date":{"$numberLong":"1584782870255"}},"updatedAt":{"$date":{"$numberLong":"1584970229656"}},"__v":{"$numberInt":"0"},"order_number":{"$numberInt":"11"}}
{"_id":{"$oid":"5e7377bdfc59537786b78257"},"sample_input":["n = 2","n = 9"],"sample_output":["1","34"],"test_input":["0","-2","5","9","11","14"],"test_output":["0","Incorrect input\nNone","5","34","89","377"],"check_input":["8","12","16"],"check_output":["21","144","987"],"bookmark":["5e723cf8d8c060547cc67c46","5e70e084fc59537786b78245"],"lecture_id":"5e71d1a3daa94a19d4adc7df","lecture_name":" Introduction To Competitive Programming","course_id":"5e71cf69daa94a19d4adc7dd","title":"Fibnocci","type":"code","url":"","filename":{"python":{"main":"import sys\nfrom Solution import Fibonacci\nn=int(sys.stdin.readline())\nprint(Fibonacci(n))","solution":"def Fibonacci(n): \n    #Type your code here \n"},"cpp":{"main":"#include <iostream>\n#include \"Solution.h\"\nusing namespace std;\n\nint main ()\n{\n  \n  int n;\n  cin >> n;\n  cout << fib(n); \n  \n  \n}\n","solution":"int fib(int n) \n{ \n    //Type your code here\n}"},"java":{"main":"import java.util.Scanner;\n\nclass main {\n    \n    static Scanner s = new Scanner(System.in);\n    public static void main(String[] args) {\n        int n = s.nextInt();\n        Solution a= new Solution();\n        \n        System.out.println(a.fib(n));\n    }\n}","solution":"class Solution{\n    public int fib(int n)\n    {//Type code here\n    }\n}"}},"description":"The Fibonacci numbers are the numbers in the following integer sequence.\n0, 1, 1, 2, 3, 5, 8, 13, 21, 34, 55, 89, 144, ……..\n\nIn mathematical terms, the sequence Fn of Fibonacci numbers is defined by the recurrence relation\nFn = Fn-1 + Fn-2\n\nwith seed values\n\nF0 = 0 and F1 = 1.\n","in_format":"n = 9","out_format":"34","notes":"NA notessnjnjn","contain":"constraints","sample_code":{"python":"def Fibonacci(n): \n    if n<0: \n        print(\"Incorrect input\") \n    # First Fibonacci number is 0 \n    elif n==0: \n        return 0\n    # Second Fibonacci number is 1 \n    elif n==1: \n        return 1\n    else: \n        return Fibonacci(n-1)+Fibonacci(n-2) ","cpp":"int fib(int n) \n{ \n    if (n <= 1) \n        return n; \n    return fib(n-1) + fib(n-2); \n}","java":"class Solution{\n    public int fib(int n)\n    {\n         //B b=new B();\n         //b.myMethod();\n         \n        if (n <= 1) \n            return n; \n        return fib(n-1) + fib(n-2); \n         //calling B class's method\n    }\n}"},"score":{"$numberInt":"30"},"createdAt":{"$date":{"$numberLong":"1584625597982"}},"updatedAt":{"$date":{"$numberLong":"1584970229626"}},"__v":{"$numberInt":"0"},"order_number":{"$numberInt":"2"}}
{"_id":{"$oid":"5e7382c4fc59537786b7825a"},"sample_input":["3","4"],"sample_output":["    1\n  232\n34543","      1\n    232\n  34543\n4567654"],"test_input":["1","6","7","10","3","9"],"test_output":["1","     1\n    232\n   34543\n  4567654\n 567898765\n67891011109876","      1\n     232\n    34543\n   4567654\n  567898765\n 67891011109876\n78910111213121110987","         1\n        232\n       34543\n      4567654\n     567898765\n    67891011109876\n   78910111213121110987\n  89101112131415141312111098\n 91011121314151617161514131211109\n10111213141516171819181716151413121110","  1\n 232\n34543","        1\n       232\n      34543\n     4567654\n    567898765\n   67891011109876\n  78910111213121110987\n 89101112131415141312111098\n91011121314151617161514131211109"],"check_input":["9","3","4"],"check_output":["        1\n       232\n      34543\n     4567654\n    567898765\n   67891011109876\n  78910111213121110987\n 89101112131415141312111098\n91011121314151617161514131211109","  1\n 232\n34543","      1\n    232\n  34543\n4567654"],"bookmark":["5e70e084fc59537786b78245"],"lecture_id":"5e71d1a3daa94a19d4adc7df","lecture_name":" Introduction To Competitive Programming","course_id":"5e71cf69daa94a19d4adc7dd","title":"Pyramid pattern","type":"code","url":"","filename":{"python":{"main":"import sys\nfrom Solution import PyramidPattern\nn=int(sys.stdin.readline())\nPyramidPattern(n)","solution":"def PyramidPattern(n): \n    #Type your code here"},"cpp":{"main":"#include <iostream>\n#include \"Solution.h\"\nusing namespace std;\n\nint main ()\n{\n  \n  int n;\n  cin >> n;\n  PyramidPattern(n); \n  \n  \n}","solution":"using namespace std;\n\n\nvoid PyramidPattern(int n) \n{ \n    // Type your code here\n    //return 0; \n}"},"java":{"main":"import java.util.Scanner;\n\nclass main {\n    \n    static Scanner s = new Scanner(System.in);\n    public static void main(String[] args) {\n        int n = s.nextInt();\n        Solution a= new Solution();\n        a.PyramidPattern(n);\n    }\n}","solution":"class Solution \n{ \n      \n    public void PyramidPattern(int n) \n    { \n          \n        //Type your code here\n    } \n} "}},"description":"The idea of pattern based programs is to understand the concept of nesting of for loops and how and where to place the alphabets / numbers / stars to make the desired pattern.\n\nWrite to program to print the pattern of numbers in the following manner using for loop\n        1\n      232\n    34543\n  4567654\n567898765\n","in_format":"n = 5","out_format":"        1\n      232\n    34543\n  4567654\n567898765\n","notes":"233","contain":"In almost all types of pattern programs, two things that you must take care:\n1. No. of lines\n2. If the pattern is increasing or decreasing per line?","sample_code":{"python":"def PyramidPattern(n): \n    n = n\n    num = 1\n    gap = n - 1\n    for j in range(1, n + 1) : \n        num = j\n        for i in range(1, gap + 1):\n            print(\" \",end='')\n        gap = gap -1\n        for i in range(1,j+1):\n            print(num, end=\"\")\n            num = num+1\n        num = num -2\n        for i in range(1,j):\n            print(num, end=\"\")\n            num = num - 1\n        print()","cpp":"using namespace std;\n\n\nvoid PyramidPattern(int n) \n{ \n    int i, j, num = 1, gap; \n    gap = n - 1; \n  \n    for ( j = 1 ; j <= n ; j++ ) \n    { \n        num = j; \n        for ( i = 1 ; i <= gap ; i++ ) \n            cout << \" \"; \n  \n        gap --; \n        for ( i = 1 ; i <= j ; i++ ) \n        { \n            cout << num; \n            num++; \n        } \n        num--; \n        num--; \n        for ( i = 1 ; i < j ; i++) \n        { \n            cout << num; \n            num--; \n        } \n        cout << \"\\n\"; \n    } \n    //return 0; \n}","java":"class Solution \n{ \n      \n    public void PyramidPattern(int n) \n    { \n          \n        int i, j, num = 1, gap; \n  \n        gap = n - 1; \n  \n        for ( j = 1 ; j <= n ; j++ ) \n        { \n        num = j; \n          \n        for ( i = 1 ; i <= gap ; i++ ) \n            System.out.print(\" \"); \n          \n        gap --; \n          \n        for ( i = 1 ; i <= j ; i++ ) \n        { \n            System.out.print(num); \n            num++; \n        } \n        num--; \n        num--; \n        for ( i = 1 ; i < j ; i++) \n        { \n            System.out.print(num); \n            num--; \n        } \n        System.out.println(); \n        }\n        \n    } \n} "},"score":{"$numberInt":"45"},"createdAt":{"$date":{"$numberLong":"1584628420629"}},"updatedAt":{"$date":{"$numberLong":"1584976075721"}},"__v":{"$numberInt":"0"},"order_number":{"$numberInt":"0"}}
{"_id":{"$oid":"5e75f147a3fb7b4756adf2ca"},"sample_input":["abacd\na x"],"sample_output":["xbxcd"],"test_input":["abacd\na x","abxcd\na x","abxcd\nx X","abxcd\nf x","abkcd\nk k","abkcd abkcd\nd LO"],"test_output":["xbxcd","xbxcd","abXcd","abxcd","abkcd","abkcLO abkcLO"],"check_input":["abkcd\nd L","abxcd\nf x","abxcd\na x"],"check_output":["abkcL","abxcd","abxcd"],"bookmark":[],"lecture_id":"5e71d1a3daa94a19d4adc7df","lecture_name":" Introduction To Competitive Programming","course_id":"5e71cf69daa94a19d4adc7dd","title":"Replace Character Recursively","type":"code","url":"","filename":{"python":{"main":"from sys import setrecursionlimit\r\nfrom Solution import replaceCharacter\r\nsetrecursionlimit(11000)\r\nstring = input().strip()\r\nc1, c2 = (i for i in input().strip().split(' '))\r\nprint(replaceCharacter(string, c1, c2))","solution":"def replaceCharacter(string, c1, c2):\r\n    #Code Here"},"cpp":{"main":"#include <iostream>\r\nusing namespace std;\r\n#include \"Solution.h\"\r\n\r\nint main() {\r\n    char input[1000000];\r\n    char c1, c2;\r\n    cin >> input;\r\n    cin >> c1 >> c2;\r\n    replaceCharacter(input, c1, c2);\r\n    cout << input << endl;\r\n}","solution":"void replaceCharacter(char input[], char c1, char c2){\r\n    // Code Here\r\n}"},"java":{"main":"import java.util.Scanner;\r\n\r\npublic class main {\r\n\t\r\n\tpublic static void main(String[] args) \r\n\t{\r\n\t\tScanner s = new Scanner(System.in);\r\n\t\tString input = s.next();\r\n\t\tchar c1 = s.next().charAt(0);\r\n\t\tchar c2 = s.next().charAt(0);\r\n\t\tSolution a= new Solution();\r\n\t\tSystem.out.println(a.replaceCharacter(input, c1, c2));\r\n\t}\r\n}","solution":"public class Solution {\r\n\r\n    public String replaceCharacter(String input, char c1, char c2) {\r\n      // Code here\r\n    }\r\n}\r\n"}},"description":"Given an input string S and two characters c1 and c2, you need to replace every occurrence of character c1 with character c2 in the given string.\nDo this recursively.","in_format":"Line 1 : Input String S\nLine 2 : Character c1 and c2 (separated by space)","out_format":"Updated string","notes":"Notes testingn","contain":"1 <= Length of String S <= 10^6","sample_code":{"python":"def replaceCharacter(string, c1, c2):\r\n    if len(string)==0:\r\n        return string\r\n    string2 = replaceCharacter(string[1:],c1,c2)\r\n    if string[0]==c1:\r\n        return c2 + string2\r\n    else:\r\n        return string[0] + string2","cpp":"void replaceCharacter(char input[], char c1, char c2){\r\n    if(input[0] == '\\0') {\r\n        return;\r\n    }\r\n    if(input[0] == c1) {\r\n        input[0] = c2;\r\n    }\r\n    replaceCharacter(input + 1, c1, c2);\r\n}","java":"public class Solution {\r\n\r\n    public String replaceCharacter(String input, char c1, char c2) {\r\n       if(input.length() == 0) {\r\n           return \"\";\r\n       }\r\n       \r\n       char c;\r\n       if(input.charAt(0) == c1) {\r\n            c = c2;\r\n        }\r\n        else {\r\n            c = input.charAt(0);\r\n        }\r\n        \r\n        String ans = replaceCharacter(input.substring(1), c1, c2);\r\n        return (c + ans);\r\n    }\r\n}\r\n"},"score":{"$numberInt":"50"},"createdAt":{"$date":{"$numberLong":"1584787783998"}},"updatedAt":{"$date":{"$numberLong":"1584971381311"}},"__v":{"$numberInt":"0"},"order_number":{"$numberInt":"0"}}
{"_id":{"$oid":"5e78715a159a462b39c7c301"},"sample_input":["option","1","2","3","4"],"sample_output":["3"],"test_input":["0","0","0","0","0","0"],"test_output":["0","0","0","0","0","0"],"check_input":["0","0","0"],"check_output":["0","0","0"],"bookmark":[],"lecture_id":"5e71d336daa94a19d4adc7e3","lecture_name":" Lecture  : Time and Space Complexity Analysis(Optional) ","course_id":"5e71cf69daa94a19d4adc7dd","title":"sdceeccdcs","type":"puzzle","url":"","filename":{"python":{"main":"","solution":""},"cpp":{"main":"","solution":""},"java":{"main":"","solution":""}},"description":"cwdcwceihinjncjwsb cbwdbcbcwb juuj","in_format":"","out_format":"","notes":"","contain":"cwcwecwe","sample_code":{"python":"","cpp":"","java":""},"score":{"$numberInt":"10"},"createdAt":{"$date":{"$numberLong":"1584951642984"}},"updatedAt":{"$date":{"$numberLong":"1584951642984"}},"__v":{"$numberInt":"0"}}
{"_id":{"$oid":"5e7b8e9a0775358694613b06"},"sample_input":["0"],"sample_output":["0"],"test_input":["0","0","0","0","0","0"],"test_output":["0","0","0","0","0","0"],"check_input":["0","0","0"],"check_output":["0","0","0"],"bookmark":[],"lecture_id":"5e71d1a3daa94a19d4adc7df","lecture_name":" Introduction To Competitive Programming","course_id":"5e71cf69daa94a19d4adc7dd","title":"Table Chart Example","type":"code","url":"","filename":{"python":{"main":"","solution":""},"cpp":{"main":"","solution":""},"java":{"main":"","solution":""}},"description":"Table Chart ExampleTable Chart Example","in_format":"","out_format":"","notes":"","contain":"","sample_code":{"python":"","cpp":"","java":""},"score":{"$numberInt":"0"},"hint":"123412123","createdAt":{"$date":{"$numberLong":"1585155738096"}},"updatedAt":{"$date":{"$numberLong":"1585155738096"}},"__v":{"$numberInt":"0"}}
