{"_id":{"$oid":"5e71d1a3daa94a19d4adc7df"},"course_id":"5e71cf69daa94a19d4adc7dd","course_name":"Competitive Programming","title":" Introduction To Competitive Programming","release_date":"0","deadline":"0","weightage":"1","lecture_icon":"U81QJJRICN_1.png","free_type":"free","color":{"first_color":"#04ffed","second_color":"#0866fc"},"level_number":{"$numberInt":"1"},"order_number":{"$numberInt":"0"},"total_score":{"$numberInt":"275"},"createdAt":{"$date":{"$numberLong":"1584517539778"}},"updatedAt":{"$date":{"$numberLong":"1585208336878"}},"__v":{"$numberInt":"0"}}
{"_id":{"$oid":"5e71d288daa94a19d4adc7e0"},"course_id":"5e71cf69daa94a19d4adc7dd","course_name":"Competitive Programming","title":" Assignment:STL Use","release_date":"0","deadline":"0","weightage":"2","lecture_icon":"KZHK7ZLB24_2.png","free_type":"free","color":{"first_color":"#e90000","second_color":"#e9a1a1"},"level_number":{"$numberInt":"1"},"order_number":{"$numberInt":"2"},"total_score":{"$numberInt":"0"},"createdAt":{"$date":{"$numberLong":"1584517768729"}},"updatedAt":{"$date":{"$numberLong":"1584616321027"}},"__v":{"$numberInt":"0"}}
{"_id":{"$oid":"5e71d2c9daa94a19d4adc7e1"},"course_id":"5e71cf69daa94a19d4adc7dd","course_name":"Competitive Programming","title":" Lecture : Pointers(Optional To Understand C++)","release_date":"0","deadline":"0","weightage":"0","lecture_icon":"KZHK7ZLB24_2.png","free_type":"free","color":{"first_color":"#f8eb1a","second_color":"#63d836"},"level_number":{"$numberInt":"1"},"order_number":{"$numberInt":"3"},"total_score":{"$numberInt":"0"},"createdAt":{"$date":{"$numberLong":"1584517833586"}},"updatedAt":{"$date":{"$numberLong":"1584616321023"}},"__v":{"$numberInt":"0"}}
{"_id":{"$oid":"5e71d2fcdaa94a19d4adc7e2"},"course_id":"5e71cf69daa94a19d4adc7dd","course_name":"Competitive Programming","title":" Lecture : Dynamic Allocation(Optional To Understand C++) ","release_date":"0","deadline":"0","weightage":"0","lecture_icon":"KZHK7ZLB24_2.png","free_type":"pay","color":{"first_color":"#206fe2","second_color":"#17d8e4"},"level_number":{"$numberInt":"2"},"order_number":{"$numberInt":"0"},"total_score":{"$numberInt":"0"},"createdAt":{"$date":{"$numberLong":"1584517884977"}},"updatedAt":{"$date":{"$numberLong":"1584616321016"}},"__v":{"$numberInt":"0"}}
{"_id":{"$oid":"5e71d336daa94a19d4adc7e3"},"course_id":"5e71cf69daa94a19d4adc7dd","course_name":"Competitive Programming","title":" Lecture  : Time and Space Complexity Analysis(Optional) ","release_date":"0","deadline":"0","weightage":"0","lecture_icon":"KZHK7ZLB24_2.png","free_type":"pay","color":{"first_color":"#6204f3","second_color":"#06e4f1"},"level_number":{"$numberInt":"1"},"order_number":{"$numberInt":"1"},"total_score":{"$numberInt":"10"},"createdAt":{"$date":{"$numberLong":"1584517942971"}},"updatedAt":{"$date":{"$numberLong":"1584951643014"}},"__v":{"$numberInt":"0"}}
{"_id":{"$oid":"5e71d36edaa94a19d4adc7e4"},"course_id":"5e71cf69daa94a19d4adc7dd","course_name":"Competitive Programming","title":" Lecture : Basics Of Recursion (Optional)  ","release_date":"0","deadline":"0","weightage":"0","lecture_icon":"M1TLMMM5HV_4.png","free_type":"free","color":{"first_color":"#000","second_color":"#000"},"level_number":{"$numberInt":"3"},"order_number":{"$numberInt":"0"},"total_score":{"$numberInt":"0"},"createdAt":{"$date":{"$numberLong":"1584517998041"}},"updatedAt":{"$date":{"$numberLong":"1584616321029"}},"__v":{"$numberInt":"0"}}
{"_id":{"$oid":"5e709321bbb61e725cdc7a19"},"course_id":"5e7092c8bbb61e725cdc7a18","course_name":"Data Structures in C++","title":"Lecture 1 : Pointers","release_date":"0","deadline":"0","weightage":"5","lecture_icon":"BY4U4V39W2_0000000000000683.png","free_type":"free","color":{"first_color":"#03ffff","second_color":"#06fab1"},"level_number":{"$numberInt":"1"},"order_number":{"$numberInt":"1"},"total_score":{"$numberInt":"10"},"createdAt":{"$date":{"$numberLong":"1584436001126"}},"updatedAt":{"$date":{"$numberLong":"1584438107108"}},"__v":{"$numberInt":"0"}}
{"_id":{"$oid":"5e70935fbbb61e725cdc7a1a"},"course_id":"5e7092c8bbb61e725cdc7a18","course_name":"Data Structures in C++","title":" Assignment : Pointers ","release_date":"0","deadline":"0","weightage":"5","lecture_icon":"D32M59YCO6_0000000000002759.png","free_type":"pay","color":{"first_color":"#2309f3","second_color":"#7807f1"},"level_number":{"$numberInt":"1"},"order_number":{"$numberInt":"1"},"total_score":{"$numberInt":"0"},"createdAt":{"$date":{"$numberLong":"1584436063270"}},"updatedAt":{"$date":{"$numberLong":"1584436063270"}},"__v":{"$numberInt":"0"}}
{"_id":{"$oid":"5e7a15ca719744689ef4b4c0"},"course_id":"5e78c88b228f3634ed9140c5","course_name":"couse -3","title":"lect1","release_date":"0","deadline":"0","weightage":"2","lecture_icon":"QINBBKAHSR_Can Code.png","free_type":"pay","color":{"first_color":"#bc1c1c","second_color":"#000"},"level_number":{"$numberInt":"1"},"order_number":{"$numberInt":"1"},"total_score":{"$numberInt":"0"},"createdAt":{"$date":{"$numberLong":"1585059274583"}},"updatedAt":{"$date":{"$numberLong":"1585059274583"}},"__v":{"$numberInt":"0"}}
